t,event,frame_ms_mean,frame_ms_p95,err_m_mean,err_m_max,note
1790951590.153,stats,308.92,308.92,0.000,0.000,idle
1790951595.257,stats,37.81,95.97,0.000,0.000,idle
1790951608.178,stats,3639.70,1406.50,0.000,0.000,idle
1790951611.188,stats,12.79,12.38,0.000,0.000,idle
1790951620.745,stats,43.25,17.33,0.000,0.000,idle
1790951627.766,stats,25.60,34.79,0.000,0.000,idle
1790951630.768,stats,55.00,33.59,0.000,0.000,idle
1790951635.801,stats,33.33,33.61,0.000,0.000,idle
1790951640.834,stats,33.33,33.59,0.000,0.000,idle
1790951645.835,stats,33.33,33.81,0.000,0.000,idle
1790951650.858,stats,18.54,33.36,0.000,0.000,idle
1790951657.859,stats,33.33,33.76,0.000,0.000,idle
1790951660.862,stats,54.98,33.78,0.000,0.000,idle
1790951665.862,stats,28.74,33.76,0.000,0.000,idle
1790951670.879,stats,16.67,17.23,0.000,0.000,idle
1790951675.895,stats,16.66,17.00,0.000,0.000,idle
1790951680.895,stats,16.67,17.22,0.000,0.000,idle
1790951687.910,stats,16.77,17.19,0.000,0.000,idle
1790951690.912,stats,27.65,17.01,0.000,0.000,idle
1790951695.928,stats,16.67,17.15,0.000,0.000,idle
1790951705.818,stats,96.96,17.08,0.000,0.000,idle
1790951710.980,stats,286.76,575.65,0.000,0.000,idle
1790951718.031,stats,315.58,854.42,0.000,0.000,idle
1790951732.379,stats,2724.96,2211.39,0.000,0.000,idle
1790951737.725,stats,281.40,467.20,0.000,0.000,idle
1790951742.728,stats,166.77,387.61,0.000,0.000,idle
1790951749.807,stats,169.24,525.43,0.000,0.000,idle
1790951752.892,stats,188.39,275.06,0.000,0.000,idle
1790951758.059,stats,161.45,499.81,0.000,0.000,idle
1790951764.710,stats,554.27,2474.37,0.000,0.000,idle
1790951770.226,stats,229.85,526.75,0.000,0.000,idle
1790951775.288,stats,281.24,589.82,0.000,0.000,idle
1790951782.494,stats,346.98,966.38,0.000,0.000,idle
1790951785.726,stats,275.42,589.79,0.000,0.000,idle
1790951790.774,stats,174.05,576.49,0.000,0.000,idle
1790951796.487,stats,300.73,906.85,0.000,0.000,idle
1790951803.140,stats,739.16,2846.41,0.000,0.000,idle
1790951809.150,stats,6010.08,6010.08,0.000,0.000,idle
1790951826.911,stats,3151.96,647.40,0.000,0.000,idle
1790951830.039,stats,854.90,910.88,0.000,0.000,idle
1790951835.058,stats,228.13,634.03,0.000,0.000,idle
1790951840.061,stats,238.25,640.80,0.000,0.000,idle
1790951845.840,stats,642.04,2582.49,0.000,0.000,idle
1790951863.340,stats,2214.18,1422.39,0.000,0.000,idle
1790951869.585,stats,1178.06,2244.13,0.000,0.000,idle
1790951874.626,stats,144.01,119.63,0.000,0.000,idle
1790951879.879,stats,583.76,760.66,0.000,0.000,idle
1790951885.125,stats,209.86,882.48,0.000,0.000,idle
1790951890.169,stats,296.64,761.97,0.000,0.000,idle
1790951897.895,stats,357.69,900.83,0.000,0.000,idle
1790951900.952,stats,1012.03,1553.30,0.000,0.000,idle
1790951918.304,stats,4338.05,2746.59,0.000,0.000,idle
1790951924.577,stats,190.08,292.26,0.000,0.000,idle
1790951932.360,stats,275.21,1175.72,0.000,0.000,idle
1790951936.955,stats,2199.97,2043.23,0.000,0.000,idle
1790951950.049,stats,1190.33,911.65,0.000,0.000,idle
1790951958.505,stats,2818.62,41.32,0.000,0.000,idle
1790951966.141,stats,433.40,1260.42,0.000,0.000,idle
1790951970.109,stats,1990.01,2041.12,0.000,0.000,idle
1790951979.335,stats,9225.26,9225.26,0.000,0.000,idle
1790951990.257,stats,3640.68,35.53,0.000,0.000,idle
1790952000.386,stats,2705.58,32.10,0.000,0.000,idle
1790952007.353,stats,2993.18,2052.88,0.000,0.000,idle
1790952022.808,stats,1717.21,2832.28,0.000,0.000,idle
1790952034.192,stats,3127.50,35.21,0.000,0.000,idle
1790952046.476,stats,3571.46,2033.02,0.000,0.000,idle
1790952051.535,stats,843.13,2332.83,0.000,0.000,idle
1790952058.319,stats,969.11,2488.79,0.000,0.000,idle
1790952073.486,stats,6583.04,547.39,0.000,0.000,idle
1790952086.744,stats,5086.25,2033.24,0.000,0.000,idle
1790952092.901,stats,2052.30,29.44,0.000,0.000,idle
1790952104.299,stats,3132.26,32.13,0.000,0.000,idle
1790952107.303,stats,70.50,50.50,0.000,0.000,idle
1790952112.366,stats,115.07,574.55,0.000,0.000,idle
1790952123.776,stats,456.42,817.78,0.000,0.000,idle
1790952131.763,stats,2662.15,41.87,0.000,0.000,idle
1790952142.962,stats,3065.52,43.19,0.000,0.000,idle
1790952146.560,stats,800.04,1938.98,0.000,0.000,idle
1790952152.894,stats,904.98,1271.74,0.000,0.000,idle
1790952161.367,stats,445.88,1414.30,0.000,0.000,idle
1790952166.549,stats,2591.67,892.99,0.000,0.000,idle
1790952175.302,stats,78.51,57.52,0.000,0.000,idle
1790952181.458,stats,189.71,125.47,0.000,0.000,idle
1790952187.187,stats,5728.19,5728.19,0.000,0.000,idle
1790952192.208,stats,114.12,203.12,0.000,0.000,idle
1790952197.231,stats,34.17,40.82,0.000,0.000,idle
1790952202.238,stats,39.12,39.88,0.000,0.000,idle
1790952209.248,stats,32.30,42.46,0.000,0.000,idle
1790952212.251,stats,74.71,85.01,0.000,0.000,idle
1790952217.279,stats,30.11,35.25,0.000,0.000,idle
1790952222.298,stats,27.58,30.35,0.000,0.000,idle
1790952227.301,stats,29.25,33.87,0.000,0.000,idle
1790952232.301,stats,28.09,31.41,0.000,0.000,idle
1790952239.310,stats,27.66,30.15,0.000,0.000,idle
1790952242.329,stats,48.75,34.95,0.000,0.000,idle
1790952247.342,stats,28.64,31.56,0.000,0.000,idle
1790952252.357,stats,27.56,30.65,0.000,0.000,idle
1790952257.366,stats,27.83,30.82,0.000,0.000,idle
1790952262.368,stats,31.46,39.52,0.000,0.000,idle
1790952269.402,stats,32.04,37.72,0.000,0.000,idle
1790952272.421,stats,70.73,65.77,0.000,0.000,idle
1790952277.441,stats,70.71,44.47,0.000,0.000,idle
1790952282.441,stats,33.34,34.31,0.000,0.000,idle
1790952287.449,stats,18.62,29.64,0.000,0.000,idle
1790952292.451,stats,25.78,42.43,0.000,0.000,idle
1790952299.485,stats,33.33,34.37,0.000,0.000,idle
1790952302.502,stats,59.04,50.76,0.000,0.000,idle
1790952307.529,stats,33.29,34.73,0.000,0.000,idle
1790952312.544,stats,33.43,45.17,0.000,0.000,idle
1790952317.565,stats,33.93,46.64,0.000,0.000,idle
1790952322.594,stats,33.52,46.69,0.000,0.000,idle
1790952329.644,stats,33.28,46.16,0.000,0.000,idle
1790952332.624,stats,55.61,47.54,0.000,0.000,idle
1790952337.639,stats,33.43,46.64,0.000,0.000,idle
1790952342.641,stats,28.91,45.40,0.000,0.000,idle
1790952347.641,stats,33.33,34.45,0.000,0.000,idle
1790952352.679,stats,34.98,45.00,0.000,0.000,idle
1790952359.690,stats,24.80,41.25,0.000,0.000,idle
1790952362.699,stats,48.65,39.70,0.000,0.000,idle
1790952367.706,stats,27.66,65.62,0.000,0.000,idle
1790952372.722,stats,19.60,26.19,0.000,0.000,idle
1790952377.732,stats,17.76,20.77,0.000,0.000,idle
1790952382.742,stats,41.41,70.76,0.000,0.000,idle
1790952389.763,stats,125.47,447.85,0.000,0.000,idle
1790952392.766,stats,66.74,120.22,0.000,0.000,idle
1790952397.776,stats,19.12,23.46,0.000,0.000,idle
1790952402.780,stats,17.32,21.61,0.000,0.000,idle
1790952407.791,stats,22.88,26.66,0.000,0.000,idle
1790952416.614,stats,119.22,133.67,0.000,0.000,idle
1790952424.580,stats,121.58,247.15,0.000,0.000,idle
1790952427.586,stats,100.30,170.23,0.000,0.000,idle
1790952432.603,stats,68.72,126.15,0.000,0.000,idle
1790952437.639,stats,64.56,108.81,0.000,0.000,idle
1790952442.709,stats,87.40,123.55,0.000,0.000,idle
1790952447.712,stats,50.54,114.32,0.000,0.000,idle
1790952454.740,stats,24.64,30.58,0.000,0.000,idle
1790952457.762,stats,50.23,47.79,0.000,0.000,idle
1790952462.791,stats,32.24,47.80,0.000,0.000,idle
1790952467.827,stats,44.96,144.52,0.000,0.000,idle
1790952472.831,stats,25.79,34.81,0.000,0.000,idle
1790952477.918,stats,42.75,40.58,0.000,0.000,idle
1790952484.938,stats,65.18,100.74,0.000,0.000,idle
1790952487.958,stats,45.64,45.78,0.000,0.000,idle
1790952492.995,stats,33.14,58.93,0.000,0.000,idle
1790952498.018,stats,32.20,41.66,0.000,0.000,idle
1790952503.019,stats,22.43,29.53,0.000,0.000,idle
1790952508.034,stats,36.34,61.44,0.000,0.000,idle
1790952515.052,stats,38.58,59.20,0.000,0.000,idle
1790952518.051,stats,52.64,58.79,0.000,0.000,idle
1790952523.052,stats,27.48,32.83,0.000,0.000,idle
1790952528.062,stats,31.51,36.54,0.000,0.000,idle
1790952533.072,stats,32.32,40.32,0.000,0.000,idle
1790952538.101,stats,37.25,45.61,0.000,0.000,idle
1790952545.116,stats,34.56,42.03,0.000,0.000,idle
1790952547.262,capture,0.00,0.00,0.000,0.000,"centre=(351160.65625, -27126.646484375, -179985.953125) up=(-0.91,-0.19,0.38)"
1790952548.104,capture,0.00,0.00,0.000,0.000,"centre=(351160.65625, -27126.646484375, -179985.953125) up=(-0.91,-0.19,0.38)"
1790952548.144,stats,64.50,62.25,0.000,0.000,idle
1790952548.337,nudge,0.00,0.00,0.000,0.000,"target=(351158.84439992905, -27127.032821774483, -179985.1995049715) after_call=(351160.66,-27126.65,-179985.95)"
1790952553.166,stats,33.49,37.10,0.000,0.000,idle
1790952558.200,stats,33.33,36.65,0.000,0.000,idle
1790952563.229,stats,31.64,38.04,0.000,0.000,idle
1790952568.244,stats,37.70,58.39,0.000,0.000,idle
1790952575.284,stats,44.18,52.27,0.000,0.000,idle
1790952578.293,stats,116.58,103.45,0.000,0.000,idle
1790952583.338,stats,48.05,63.31,0.000,0.000,idle
1790952588.346,stats,42.09,62.43,0.000,0.000,idle
1790952592.408,capture,0.00,0.00,0.000,0.000,"centre=(351160.71875, -27126.369140625, -179985.953125) up=(-0.91,-0.19,0.38)"
1790952592.409,start,0.00,0.00,0.000,0.000,
1790952593.354,stats,34.29,47.97,2.402,3.000,circling
1790952598.410,stats,28.24,33.68,0.757,0.773,circling
1790952599.566,stop,0.00,0.00,0.000,0.000,
1790952605.417,stats,38.21,47.03,1.359,2.242,idle
1790952608.424,stats,92.80,109.52,0.000,0.000,idle
1790952611.217,capture,0.00,0.00,0.000,0.000,"centre=(351160.125, -27129.26171875, -179986.875) up=(-0.91,-0.19,0.38)"
1790952611.217,start,0.00,0.00,0.000,0.000,
1790952613.506,stats,35.53,46.29,3.000,3.000,circling
1790952618.521,stats,35.57,43.56,3.000,3.000,circling
1790952623.532,stats,34.09,40.08,3.000,3.000,circling
1790952628.549,stats,35.08,41.23,3.000,3.000,circling
1790952630.340,stop,0.00,0.00,0.000,0.000,
1790952635.569,stats,34.15,41.23,3.000,3.000,idle
